"","temp_C","pred_val","pred_l95","pred_u95","pred_stderr","pred_df","pred_n","pred_resid"
"1","5","17.3438095238095","17.0688728173746","17.6187462302444","0.0990247226282901","4","6","0.232788479505484"
"2","10","15.3342857142857","14.991110461258","15.6774609673134","0.123602390836133","4","6","0.290565950222271"
"3","15","12.8371428571429","12.5580102314607","13.116275482825","0.100535978600685","4","6","0.236341157772283"
"4","20","10.1047619047619","9.85688705662729","10.3526367528965","0.0892777774250123","4","6","0.209875246390847"
"5","25","7.31238095238095","7.21526160241228","7.40950030234962","0.0349797479470614","4","6","0.0822308017831819"
