"","pH","pred_val","pred_l95","pred_u95","pred_stderr","pred_df","pred_n","pred_resid"
"1","6.5","23.1682540907037","22.1509040837843","24.185604097623","0.479903516111347","16","18","1.9540353080674"
"2","7","27.460317606316","26.2355689570168","28.6850662556153","0.577737434662378","16","18","2.35238815349842"
"3","7.5","33.4539684306181","31.9981980654391","34.9097387957971","0.68671481019166","16","18","2.79611409510066"
"4","8","40.5206351359936","38.5846791216456","42.4565911503415","0.913227593260476","16","18","3.71841193411542"
"5","8.5","48.9841272423228","46.591611802234","51.3766426824117","1.12859543346946","16","18","4.59533062685724"
